{
    "name": "root",
    "gauges": {
        "in5-out1-f.Policy.Entropy.mean": {
            "value": 0.746551513671875,
            "min": 0.5396701097488403,
            "max": 1.0176020860671997,
            "count": 400
        },
        "in5-out1-f.Policy.Entropy.sum": {
            "value": 37312.64453125,
            "min": 26946.80859375,
            "max": 51042.921875,
            "count": 400
        },
        "in5-out1-f.Step.mean": {
            "value": 19999963.0,
            "min": 49977.0,
            "max": 19999963.0,
            "count": 400
        },
        "in5-out1-f.Step.sum": {
            "value": 19999963.0,
            "min": 49977.0,
            "max": 19999963.0,
            "count": 400
        },
        "in5-out1-f.Policy.ExtrinsicValueEstimate.mean": {
            "value": -2.638728618621826,
            "min": -4.036713600158691,
            "max": 0.09113945066928864,
            "count": 400
        },
        "in5-out1-f.Policy.ExtrinsicValueEstimate.sum": {
            "value": -2427.63037109375,
            "min": -3798.547607421875,
            "max": 80.84069061279297,
            "count": 400
        },
        "in5-out1-f.Environment.EpisodeLength.mean": {
            "value": 179.8880866425993,
            "min": 164.66996699669966,
            "max": 239.68446601941747,
            "count": 400
        },
        "in5-out1-f.Environment.EpisodeLength.sum": {
            "value": 49829.0,
            "min": 46965.0,
            "max": 52009.0,
            "count": 400
        },
        "in5-out1-f.VisitedCheckpoints.mean": {
            "value": 2.5806451612903225,
            "min": 1.1666666666666667,
            "max": 6.811594202898551,
            "count": 400
        },
        "in5-out1-f.VisitedCheckpoints.sum": {
            "value": 720.0,
            "min": 357.0,
            "max": 1468.0,
            "count": 400
        },
        "in5-out1-f.Environment.CumulativeReward.mean": {
            "value": -88.73867832420105,
            "min": -129.15144500038662,
            "max": 15.45500856994743,
            "count": 400
        },
        "in5-out1-f.Environment.CumulativeReward.sum": {
            "value": -24580.61389580369,
            "min": -39391.19072511792,
            "max": 3291.9168253988028,
            "count": 400
        },
        "in5-out1-f.Policy.ExtrinsicReward.mean": {
            "value": -88.73867832420105,
            "min": -129.15144500038662,
            "max": 15.45500856994743,
            "count": 400
        },
        "in5-out1-f.Policy.ExtrinsicReward.sum": {
            "value": -24580.61389580369,
            "min": -39391.19072511792,
            "max": 3291.9168253988028,
            "count": 400
        },
        "in5-out1-f.Losses.PolicyLoss.mean": {
            "value": 0.049433408211189085,
            "min": 0.045900825223870914,
            "max": 0.051716157114424274,
            "count": 400
        },
        "in5-out1-f.Losses.PolicyLoss.sum": {
            "value": 0.24716704105594542,
            "min": 0.18427241254157706,
            "max": 0.2585807855721214,
            "count": 400
        },
        "in5-out1-f.Losses.ValueLoss.mean": {
            "value": 1.532989445514977,
            "min": 0.34471405290998514,
            "max": 1.8931099636107682,
            "count": 400
        },
        "in5-out1-f.Losses.ValueLoss.sum": {
            "value": 7.664947227574886,
            "min": 1.4958396962378175,
            "max": 9.46554981805384,
            "count": 400
        },
        "in5-out1-f.Policy.LearningRate.mean": {
            "value": 3.7443387522199614e-07,
            "min": 3.7443387522199614e-07,
            "max": 0.00029961479262840244,
            "count": 400
        },
        "in5-out1-f.Policy.LearningRate.sum": {
            "value": 1.8721693761099808e-06,
            "min": 1.8721693761099808e-06,
            "max": 0.0014946014717995097,
            "count": 400
        },
        "in5-out1-f.Policy.Epsilon.mean": {
            "value": 0.10012477800000001,
            "min": 0.10012477800000001,
            "max": 0.1998715975,
            "count": 400
        },
        "in5-out1-f.Policy.Epsilon.sum": {
            "value": 0.5006238900000001,
            "min": 0.40450825999999995,
            "max": 0.9982004899999999,
            "count": 400
        },
        "in5-out1-f.Policy.Beta.mean": {
            "value": 1.6226422199999933e-05,
            "min": 1.6226422199999933e-05,
            "max": 0.00499359271525,
            "count": 400
        },
        "in5-out1-f.Policy.Beta.sum": {
            "value": 8.113211099999967e-05,
            "min": 8.113211099999967e-05,
            "max": 0.024910204451000006,
            "count": 400
        },
        "in5-out1-f.IsTraining.mean": {
            "value": 1.0,
            "min": 1.0,
            "max": 1.0,
            "count": 400
        },
        "in5-out1-f.IsTraining.sum": {
            "value": 1.0,
            "min": 1.0,
            "max": 1.0,
            "count": 400
        }
    },
    "metadata": {
        "timer_format_version": "0.1.0",
        "start_time_seconds": "1643448236",
        "python_version": "3.8.10 (default, Nov 26 2021, 20:14:08) \n[GCC 9.3.0]",
        "command_line_arguments": "/home/devuser/kmatejuk/.venv/bin/mlagents-learn results/configuration.yaml --run-id level4 --force --env results/envs/level4 --no-graphics --initialize-from level3",
        "mlagents_version": "0.28.0",
        "mlagents_envs_version": "0.28.0",
        "communication_protocol_version": "1.5.0",
        "pytorch_version": "1.8.1+cu102",
        "numpy_version": "1.22.1",
        "end_time_seconds": "1643504449"
    },
    "total": 56213.69214563101,
    "count": 1,
    "self": 0.47115322400350124,
    "children": {
        "run_training.setup": {
            "total": 0.022114620020147413,
            "count": 1,
            "self": 0.022114620020147413
        },
        "TrainerController.start_learning": {
            "total": 56213.198877786985,
            "count": 1,
            "self": 23.924298618803732,
            "children": {
                "TrainerController._reset_env": {
                    "total": 16.433202749991324,
                    "count": 1,
                    "self": 16.433202749991324
                },
                "TrainerController.advance": {
                    "total": 56172.79641173623,
                    "count": 1748810,
                    "self": 21.194619690824766,
                    "children": {
                        "env_step": {
                            "total": 44726.138624051586,
                            "count": 1748810,
                            "self": 43215.575219554594,
                            "children": {
                                "SubprocessEnvManager._take_step": {
                                    "total": 1497.198073391628,
                                    "count": 1748810,
                                    "self": 74.42184567183722,
                                    "children": {
                                        "TorchPolicy.evaluate": {
                                            "total": 1422.7762277197908,
                                            "count": 1666697,
                                            "self": 266.89441948215244,
                                            "children": {
                                                "TorchPolicy.sample_actions": {
                                                    "total": 1155.8818082376383,
                                                    "count": 1666697,
                                                    "self": 1155.8818082376383
                                                }
                                            }
                                        }
                                    }
                                },