{
    "name": "root",
    "gauges": {
        "in5-out1-f.Policy.Entropy.mean": {
            "value": 0.3346281051635742,
            "min": 0.23863856494426727,
            "max": 0.4147063195705414,
            "count": 1119
        },
        "in5-out1-f.Policy.Entropy.sum": {
            "value": 1678.49462890625,
            "min": 1170.7891845703125,
            "max": 2134.908203125,
            "count": 1119
        },
        "in5-out1-f.Step.mean": {
            "value": 25594952.0,
            "min": 20004978.0,
            "max": 25594952.0,
            "count": 1119
        },
        "in5-out1-f.Step.sum": {
            "value": 25594952.0,
            "min": 20004978.0,
            "max": 25594952.0,
            "count": 1119
        },
        "in5-out1-f.Policy.ExtrinsicValueEstimate.mean": {
            "value": 7.3725104331970215,
            "min": 5.020875930786133,
            "max": 7.8379082679748535,
            "count": 1119
        },
        "in5-out1-f.Policy.ExtrinsicValueEstimate.sum": {
            "value": 619.2908935546875,
            "min": 415.86767578125,
            "max": 668.303955078125,
            "count": 1119
        },
        "in5-out1-f.Environment.EpisodeLength.mean": {
            "value": 417.15384615384613,
            "min": 129.21621621621622,
            "max": 434.5,
            "count": 1119
        },
        "in5-out1-f.Environment.EpisodeLength.sum": {
            "value": 5423.0,
            "min": 1185.0,
            "max": 6478.0,
            "count": 1119
        },
        "in5-out1-f.VisitedCheckpoints.mean": {
            "value": 40.0,
            "min": 9.906976744186046,
            "max": 40.0,
            "count": 1119
        },
        "in5-out1-f.VisitedCheckpoints.sum": {
            "value": 520.0,
            "min": 80.0,
            "max": 566.0,
            "count": 1119
        },
        "in5-out1-f.Environment.CumulativeReward.mean": {
            "value": 632.0091216930977,
            "min": 131.4187174419562,
            "max": 636.5226960579554,
            "count": 1119
        },
        "in5-out1-f.Environment.CumulativeReward.sum": {
            "value": 8216.11858201027,
            "min": 1107.073396205902,
            "max": 8796.8538916111,
            "count": 1119
        },
        "in5-out1-f.Policy.ExtrinsicReward.mean": {
            "value": 632.0091216930977,
            "min": 131.4187174419562,
            "max": 636.5226960579554,
            "count": 1119
        },
        "in5-out1-f.Policy.ExtrinsicReward.sum": {
            "value": 8216.11858201027,
            "min": 1107.073396205902,
            "max": 8796.8538916111,
            "count": 1119
        },
        "in5-out1-f.IsTraining.mean": {
            "value": 1.0,
            "min": 1.0,
            "max": 1.0,
            "count": 1119
        },
        "in5-out1-f.IsTraining.sum": {
            "value": 1.0,
            "min": 1.0,
            "max": 1.0,
            "count": 1119
        },
        "in5-out1-f.Losses.PolicyLoss.mean": {
            "value": 0.05337587673348025,
            "min": 0.04385163416445721,
            "max": 0.05585233559759217,
            "count": 544
        },
        "in5-out1-f.Losses.PolicyLoss.sum": {
            "value": 0.05337587673348025,
            "min": 0.04385163416445721,
            "max": 0.05585233559759217,
            "count": 544
        },
        "in5-out1-f.Losses.ValueLoss.mean": {
            "value": 8.592265046387912,
            "min": 6.351586369425059,
            "max": 19.41574547290802,
            "count": 544
        },
        "in5-out1-f.Losses.ValueLoss.sum": {
            "value": 8.592265046387912,
            "min": 6.351586369425059,
            "max": 19.41574547290802,
            "count": 544
        },
        "in5-out1-f.Policy.LearningRate.mean": {
            "value": 0.00017205290264904667,
            "min": 0.00017205290264904667,
            "max": 0.00019994847335052,
            "count": 544
        },
        "in5-out1-f.Policy.LearningRate.sum": {
            "value": 0.00017205290264904667,
            "min": 0.00017205290264904667,
            "max": 0.00019994847335052,
            "count": 544
        },
        "in5-out1-f.Policy.Epsilon.mean": {
            "value": 0.15735095333333332,
            "min": 0.15735095333333332,
            "max": 0.16664948000000002,
            "count": 544
        },
        "in5-out1-f.Policy.Epsilon.sum": {
            "value": 0.15735095333333332,
            "min": 0.15735095333333332,
            "max": 0.16664948000000002,
            "count": 544
        },
        "in5-out1-f.Policy.Beta.mean": {
            "value": 0.002871812571333333,
            "min": 0.002871812571333333,
            "max": 0.003335809052,
            "count": 544
        },
        "in5-out1-f.Policy.Beta.sum": {
            "value": 0.002871812571333333,
            "min": 0.002871812571333333,
            "max": 0.003335809052,
            "count": 544
        }
    },
    "metadata": {
        "timer_format_version": "0.1.0",
        "start_time_seconds": "1644234264",
        "python_version": "3.8.10 (default, Nov 26 2021, 20:14:08) \n[GCC 9.3.0]",
        "command_line_arguments": "/home/devuser/kmatejuk/.venv/bin/mlagents-learn results/configuration.yaml --run-id level6_3 --env results/envs/level6_3/Gra --no-graphics --initialize-from level5 --resume",
        "mlagents_version": "0.28.0",
        "mlagents_envs_version": "0.28.0",
        "communication_protocol_version": "1.5.0",
        "pytorch_version": "1.8.1+cu102",
        "numpy_version": "1.22.1",
        "end_time_seconds": "1644257177"
    },
    "total": 22912.285574926063,
    "count": 1,
    "self": 0.5592406480573118,
    "children": {
        "run_training.setup": {
            "total": 0.021917780162766576,
            "count": 1,
            "self": 0.021917780162766576
        },
        "TrainerController.start_learning": {
            "total": 22911.704416497843,
            "count": 1,
            "self": 6.024729758966714,
            "children": {
                "TrainerController._reset_env": {
                    "total": 6.7735219320748,
                    "count": 1,
                    "self": 6.7735219320748
                },
                "TrainerController.advance": {
                    "total": 22898.840629711747,
                    "count": 482776,
                    "self": 5.678146883379668,
                    "children": {
                        "env_step": {
                            "total": 19710.04634792544,
                            "count": 482776,
                            "self": 19287.683701016475,
                            "children": {
                                "SubprocessEnvManager._take_step": {
                                    "total": 418.65397573355585,
                                    "count": 482776,
                                    "self": 21.290235755732283,
                                    "children": {
                                        "TorchPolicy.evaluate": {
                                            "total": 397.36373997782357,
                                            "count": 466691,
                                            "self": 74.46029046690091,
                                            "children": {
                                                "TorchPolicy.sample_actions": {
                                                    "total": 322.90344951092266,
                                                    "count": 466691,
                                                    "self": 322.90344951092266
                                                }
                                            }
                                        }
                                    }
                                },