{
    "name": "root",
    "gauges": {
        "in5-out1-f.Policy.Entropy.mean": {
            "value": 2.196868896484375,
            "min": 2.196868896484375,
            "max": 2.196868896484375,
            "count": 1
        },
        "in5-out1-f.Policy.Entropy.sum": {
            "value": 11950.966796875,
            "min": 11950.966796875,
            "max": 11950.966796875,
            "count": 1
        },
        "in5-out1-f.Environment.EpisodeLength.mean": {
            "value": 68.88679245283019,
            "min": 68.88679245283019,
            "max": 68.88679245283019,
            "count": 1
        },
        "in5-out1-f.Environment.EpisodeLength.sum": {
            "value": 3651.0,
            "min": 3651.0,
            "max": 3651.0,
            "count": 1
        },
        "in5-out1-f.VisitedCheckpoints.mean": {
            "value": 0.660377358490566,
            "min": 0.660377358490566,
            "max": 0.660377358490566,
            "count": 1
        },
        "in5-out1-f.VisitedCheckpoints.sum": {
            "value": 35.0,
            "min": 35.0,
            "max": 35.0,
            "count": 1
        },
        "in5-out1-f.Step.mean": {
            "value": 4984.0,
            "min": 4984.0,
            "max": 4984.0,
            "count": 1
        },
        "in5-out1-f.Step.sum": {
            "value": 4984.0,
            "min": 4984.0,
            "max": 4984.0,
            "count": 1
        },
        "in5-out1-f.Policy.ExtrinsicValueEstimate.mean": {
            "value": 0.11568278819322586,
            "min": 0.11568278819322586,
            "max": 0.11568278819322586,
            "count": 1
        },
        "in5-out1-f.Policy.ExtrinsicValueEstimate.sum": {
            "value": 13.419203758239746,
            "min": 13.419203758239746,
            "max": 13.419203758239746,
            "count": 1
        },
        "in5-out1-f.Environment.CumulativeReward.mean": {
            "value": -23.375719168276156,
            "min": -23.375719168276156,
            "max": -23.375719168276156,
            "count": 1
        },
        "in5-out1-f.Environment.CumulativeReward.sum": {
            "value": -1238.9131159186363,
            "min": -1238.9131159186363,
            "max": -1238.9131159186363,
            "count": 1
        },
        "in5-out1-f.Policy.ExtrinsicReward.mean": {
            "value": -23.375719168276156,
            "min": -23.375719168276156,
            "max": -23.375719168276156,
            "count": 1
        },
        "in5-out1-f.Policy.ExtrinsicReward.sum": {
            "value": -1238.9131159186363,
            "min": -1238.9131159186363,
            "max": -1238.9131159186363,
            "count": 1
        },
        "in5-out1-f.IsTraining.mean": {
            "value": 1.0,
            "min": 1.0,
            "max": 1.0,
            "count": 1
        },
        "in5-out1-f.IsTraining.sum": {
            "value": 1.0,
            "min": 1.0,
            "max": 1.0,
            "count": 1
        }
    },
    "metadata": {
        "timer_format_version": "0.1.0",
        "start_time_seconds": "1643255778",
        "python_version": "3.8.10 (default, Nov 26 2021, 20:14:08) \n[GCC 9.3.0]",
        "command_line_arguments": "/home/kamil/.local/bin/mlagents-learn results/configuration.yaml --run-id level1 --force --env results/envs/level6 --no-graphics",
        "mlagents_version": "0.28.0",
        "mlagents_envs_version": "0.28.0",
        "communication_protocol_version": "1.5.0",
        "pytorch_version": "1.8.1+cu102",
        "numpy_version": "1.20.1",
        "end_time_seconds": "1643255827"
    },
    "total": 48.745275396999205,
    "count": 1,
    "self": 0.33485751699481625,
    "children": {
        "run_training.setup": {
            "total": 0.1023373550051474,
            "count": 1,
            "self": 0.1023373550051474
        },
        "TrainerController.start_learning": {
            "total": 48.30808052499924,
            "count": 1,
            "self": 0.019305788962810766,
            "children": {
                "TrainerController._reset_env": {
                    "total": 15.42942515300092,
                    "count": 1,
                    "self": 15.42942515300092
                },
                "TrainerController.advance": {
                    "total": 32.66604235503473,
                    "count": 603,
                    "self": 0.01992979097121861,
                    "children": {
                        "env_step": {
                            "total": 31.492387680940737,
                            "count": 603,
                            "self": 29.60645885494887,
                            "children": {
                                "SubprocessEnvManager._take_step": {
                                    "total": 1.8743902779533528,
                                    "count": 603,
                                    "self": 0.05690054294245783,
                                    "children": {
                                        "TorchPolicy.evaluate": {
                                            "total": 1.817489735010895,
                                            "count": 524,
                                            "self": 0.4569904790405417,
                                            "children": {
                                                "TorchPolicy.sample_actions": {
                                                    "total": 1.3604992559703533,
                                                    "count": 524,
                                                    "self": 1.3604992559703533
                                                }
                                            }
                                        }
                                    }
                                },
                                "workers": {
                                    "total": 0.011538548038515728,
                                    "count": 602,
                                    "self": 0.0,
                                    "children": {
                                        "worker_root": {
                                            "total": 48.155152757055475,
                                            "count": 602,
                                            "is_parallel": true,
                                            "self": 19.908941019086342,
                                            "children": {
                                                "run_training.setup": {
                                                    "total": 0.0,
                                                    "count": 0,
                                                    "is_parallel": true,
                                                    "self": 0.0,
                                                    "children": {
                                                        "steps_from_proto": {
                                                            "total": 0.0021921799998381175,
                                                            "count": 1,
                                                            "is_parallel": true,
                                                            "self": 0.0009189510019496083,
                                                            "children": {
                                                                "_process_rank_one_or_two_observation": {
                                                                    "total": 0.0012732289978885092,
                                                                    "count": 4,
                                                                    "is_parallel": true,