{
    "name": "root",
    "gauges": {
        "in5-out1-f.Policy.Entropy.mean": {
            "value": 0.2596901059150696,
            "min": 0.24932259321212769,
            "max": 2.122920036315918,
            "count": 400
        },
        "in5-out1-f.Policy.Entropy.sum": {
            "value": 12973.0791015625,
            "min": 12497.0458984375,
            "max": 106663.9921875,
            "count": 400
        },
        "in5-out1-f.Step.mean": {
            "value": 19999941.0,
            "min": 49937.0,
            "max": 19999941.0,
            "count": 400
        },
        "in5-out1-f.Step.sum": {
            "value": 19999941.0,
            "min": 49937.0,
            "max": 19999941.0,
            "count": 400
        },
        "in5-out1-f.Policy.ExtrinsicValueEstimate.mean": {
            "value": -0.39952781796455383,
            "min": -1.1439114809036255,
            "max": 0.10407427698373795,
            "count": 400
        },
        "in5-out1-f.Policy.ExtrinsicValueEstimate.sum": {
            "value": -413.91082763671875,
            "min": -1099.2989501953125,
            "max": 102.82538604736328,
            "count": 400
        },
        "in5-out1-f.Environment.EpisodeLength.mean": {
            "value": 87.70231729055259,
            "min": 81.2128712871287,
            "max": 122.95133819951339,
            "count": 400
        },
        "in5-out1-f.Environment.EpisodeLength.sum": {
            "value": 49201.0,
            "min": 45692.0,
            "max": 52731.0,
            "count": 400
        },
        "in5-out1-f.VisitedCheckpoints.mean": {
            "value": 3.5792163543441227,
            "min": 3.1167192429022084,
            "max": 5.008298755186722,
            "count": 400
        },
        "in5-out1-f.VisitedCheckpoints.sum": {
            "value": 2101.0,
            "min": 1394.0,
            "max": 2429.0,
            "count": 400
        },
        "in5-out1-f.Environment.CumulativeReward.mean": {
            "value": 3.15834663662256,
            "min": -24.2420933430707,
            "max": 15.250468406157616,
            "count": 400
        },
        "in5-out1-f.Environment.CumulativeReward.sum": {
            "value": 1771.832463145256,
            "min": -9987.742457345128,
            "max": 7137.219214081764,
            "count": 400
        },
        "in5-out1-f.Policy.ExtrinsicReward.mean": {
            "value": 3.15834663662256,
            "min": -24.2420933430707,
            "max": 15.250468406157616,
            "count": 400
        },
        "in5-out1-f.Policy.ExtrinsicReward.sum": {
            "value": 1771.832463145256,
            "min": -9987.742457345128,
            "max": 7137.219214081764,
            "count": 400
        },
        "in5-out1-f.Losses.PolicyLoss.mean": {
            "value": 0.05055047943882527,
            "min": 0.04630764520872617,
            "max": 0.05184408794753835,
            "count": 400
        },
        "in5-out1-f.Losses.PolicyLoss.sum": {
            "value": 0.25275239719412634,
            "min": 0.1869630658038659,
            "max": 0.25922043973769177,
            "count": 400
        },
        "in5-out1-f.Losses.ValueLoss.mean": {
            "value": 0.2520429197326302,
            "min": 0.2093357667233795,
            "max": 0.8838831823319196,
            "count": 400
        },
        "in5-out1-f.Losses.ValueLoss.sum": {
            "value": 1.260214598663151,
            "min": 0.8869192623533309,
            "max": 4.258729947172105,
            "count": 400
        },
        "in5-out1-f.Policy.LearningRate.mean": {
            "value": 3.179798940400081e-07,
            "min": 3.179798940400081e-07,
            "max": 0.0002996142526285825,
            "count": 400
        },
        "in5-out1-f.Policy.LearningRate.sum": {
            "value": 1.5898994702000404e-06,
            "min": 1.5898994702000404e-06,
            "max": 0.001494606136797955,
            "count": 400
        },
        "in5-out1-f.Policy.Epsilon.mean": {
            "value": 0.10010595999999998,
            "min": 0.10010595999999998,
            "max": 0.19987141749999998,
            "count": 400
        },
        "in5-out1-f.Policy.Epsilon.sum": {
            "value": 0.5005297999999999,
            "min": 0.40648435500000013,
            "max": 0.998202045,
            "count": 400
        },
        "in5-out1-f.Policy.Beta.mean": {
            "value": 1.5287404000000135e-05,
            "min": 1.5287404000000135e-05,
            "max": 0.00499358373325,
            "count": 400
        },
        "in5-out1-f.Policy.Beta.sum": {
            "value": 7.643702000000068e-05,
            "min": 7.643702000000068e-05,
            "max": 0.0249102820455,
            "count": 400
        },
        "in5-out1-f.IsTraining.mean": {
            "value": 1.0,
            "min": 1.0,
            "max": 1.0,
            "count": 400
        },
        "in5-out1-f.IsTraining.sum": {
            "value": 1.0,
            "min": 1.0,
            "max": 1.0,
            "count": 400
        }
    },
    "metadata": {
        "timer_format_version": "0.1.0",
        "start_time_seconds": "1643258838",
        "python_version": "3.8.10 (default, Nov 26 2021, 20:14:08) \n[GCC 9.3.0]",
        "command_line_arguments": "/home/devuser/kmatejuk/.venv/bin/mlagents-learn results/configuration.yaml --run-id level1 --force --env results/envs/level1 --no-graphics",
        "mlagents_version": "0.28.0",
        "mlagents_envs_version": "0.28.0",
        "communication_protocol_version": "1.5.0",
        "pytorch_version": "1.8.1+cu102",
        "numpy_version": "1.22.1",
        "end_time_seconds": "1643319954"
    },
    "total": 61116.01304472101,
    "count": 1,
    "self": 0.672479185013799,
    "children": {
        "run_training.setup": {
            "total": 0.02202780600055121,
            "count": 1,
            "self": 0.02202780600055121
        },
        "TrainerController.start_learning": {
            "total": 61115.318537729996,
            "count": 1,
            "self": 23.475463704235153,
            "children": {
                "TrainerController._reset_env": {
                    "total": 17.572569739015307,
                    "count": 1,
                    "self": 17.572569739015307
                },
                "TrainerController.advance": {
                    "total": 61074.225447250734,
                    "count": 1835615,
                    "self": 21.583170907892054,
                    "children": {
                        "env_step": {
                            "total": 49580.04487655917,
                            "count": 1835615,
                            "self": 48070.021638766455,
                            "children": {
                                "SubprocessEnvManager._take_step": {
                                    "total": 1495.8968707296008,
                                    "count": 1835615,
                                    "self": 75.50708594822208,
                                    "children": {
                                        "TorchPolicy.evaluate": {
                                            "total": 1420.3897847813787,
                                            "count": 1666697,
                                            "self": 268.5213975479419,
                                            "children": {
                                                "TorchPolicy.sample_actions": {
                                                    "total": 1151.8683872334368,
                                                    "count": 1666697,
                                                    "self": 1151.8683872334368
                                                }
                                            }
                                        }
                                    }
                                },