{
    "name": "root",
    "gauges": {
        "in5-out1-f.Policy.Entropy.mean": {
            "value": 0.8875817060470581,
            "min": 0.7028963565826416,
            "max": 0.9498648047447205,
            "count": 259
        },
        "in5-out1-f.Policy.Entropy.sum": {
            "value": 44407.48828125,
            "min": 35437.22265625,
            "max": 47596.546875,
            "count": 259
        },
        "in5-out1-f.Environment.EpisodeLength.mean": {
            "value": 56.1487414187643,
            "min": 52.70109356014581,
            "max": 67.84102564102564,
            "count": 259
        },
        "in5-out1-f.Environment.EpisodeLength.sum": {
            "value": 49074.0,
            "min": 43373.0,
            "max": 55501.0,
            "count": 259
        },
        "in5-out1-f.VisitedCheckpoints.mean": {
            "value": 0.7086614173228346,
            "min": 0.49130938586326767,
            "max": 1.0576671035386631,
            "count": 259
        },
        "in5-out1-f.VisitedCheckpoints.sum": {
            "value": 630.0,
            "min": 424.0,
            "max": 828.0,
            "count": 259
        },
        "in5-out1-f.Step.mean": {
            "value": 32949998.0,
            "min": 20049962.0,
            "max": 32949998.0,
            "count": 259
        },
        "in5-out1-f.Step.sum": {
            "value": 32949998.0,
            "min": 20049962.0,
            "max": 32949998.0,
            "count": 259
        },
        "in5-out1-f.Policy.ExtrinsicValueEstimate.mean": {
            "value": -2.237877607345581,
            "min": -3.2890095710754395,
            "max": -1.7426073551177979,
            "count": 259
        },
        "in5-out1-f.Policy.ExtrinsicValueEstimate.sum": {
            "value": -3150.931640625,
            "min": -4611.19140625,
            "max": -2312.43994140625,
            "count": 259
        },
        "in5-out1-f.Environment.CumulativeReward.mean": {
            "value": -20.901925783919797,
            "min": -56.09812188725261,
            "max": -14.004822646520841,
            "count": 259
        },
        "in5-out1-f.Environment.CumulativeReward.sum": {
            "value": -18268.283135145903,
            "min": -47683.40360416472,
            "max": -10923.761664286256,
            "count": 259
        },
        "in5-out1-f.Policy.ExtrinsicReward.mean": {
            "value": -20.901925783919797,
            "min": -56.09812188725261,
            "max": -14.004822646520841,
            "count": 259
        },
        "in5-out1-f.Policy.ExtrinsicReward.sum": {
            "value": -18268.283135145903,
            "min": -47683.40360416472,
            "max": -10923.761664286256,
            "count": 259
        },
        "in5-out1-f.Losses.PolicyLoss.mean": {
            "value": 0.049151748016156495,
            "min": 0.046376306761521845,
            "max": 0.05137374534882838,
            "count": 259
        },
        "in5-out1-f.Losses.PolicyLoss.sum": {
            "value": 0.24575874008078247,
            "min": 0.1897236739283471,
            "max": 0.2568687267441419,
            "count": 259
        },
        "in5-out1-f.Losses.ValueLoss.mean": {
            "value": 0.8886838226206599,
            "min": 0.6240883572213353,
            "max": 2.1464671736210583,
            "count": 259
        },
        "in5-out1-f.Losses.ValueLoss.sum": {
            "value": 4.4434191131033,
            "min": 3.120441786106676,
            "max": 10.732335868105292,
            "count": 259
        },
        "in5-out1-f.Policy.LearningRate.mean": {
            "value": 9.026452153443333e-05,
            "min": 9.026452153443333e-05,
            "max": 0.00013324771920949043,
            "count": 259
        },
        "in5-out1-f.Policy.LearningRate.sum": {
            "value": 0.00045132260767216664,
            "min": 0.00036167367916327,
            "max": 0.0006654670605998868,
            "count": 259
        },
        "in5-out1-f.Policy.Epsilon.mean": {
            "value": 0.15867190333333334,
            "min": 0.15867190333333334,
            "max": 0.1866109957916667,
            "count": 259
        },
        "in5-out1-f.Policy.Epsilon.sum": {
            "value": 0.7933595166666667,
            "min": 0.6350877490000001,
            "max": 0.9325534806666667,
            "count": 259
        },
        "in5-out1-f.Policy.Beta.mean": {
            "value": 0.0031647431100000007,
            "min": 0.0031647431100000007,
            "max": 0.004667006619875,
            "count": 259
        },
        "in5-out1-f.Policy.Beta.sum": {
            "value": 0.015823715550000002,
            "min": 0.012680487426999999,
            "max": 0.023308067922000002,
            "count": 259
        },
        "in5-out1-f.IsTraining.mean": {
            "value": 1.0,
            "min": 1.0,
            "max": 1.0,
            "count": 259
        },
        "in5-out1-f.IsTraining.sum": {
            "value": 1.0,
            "min": 1.0,
            "max": 1.0,
            "count": 259
        }
    },
    "metadata": {
        "timer_format_version": "0.1.0",
        "start_time_seconds": "1643799541",
        "python_version": "3.8.10 (default, Nov 26 2021, 20:14:08) \n[GCC 9.3.0]",
        "command_line_arguments": "/home/devuser/kmatejuk/.venv/bin/mlagents-learn results/configuration.yaml --run-id level6 --resume --env results/envs/level6 --no-graphics",
        "mlagents_version": "0.28.0",
        "mlagents_envs_version": "0.28.0",
        "communication_protocol_version": "1.5.0",
        "pytorch_version": "1.8.1+cu102",
        "numpy_version": "1.22.1",
        "end_time_seconds": "1643843315"
    },
    "total": 43774.43764067697,
    "count": 1,
    "self": 0.4753377839224413,
    "children": {
        "run_training.setup": {
            "total": 0.02309019595850259,
            "count": 1,
            "self": 0.02309019595850259
        },
        "TrainerController.start_learning": {
            "total": 43773.93921269709,
            "count": 1,
            "self": 12.707723199040629,
            "children": {
                "TrainerController._reset_env": {
                    "total": 7.245486508007161,
                    "count": 1,
                    "self": 7.245486508007161
                },
                "TrainerController.advance": {
                    "total": 43753.93919317203,
                    "count": 907537,
                    "self": 11.450760216801427,
                    "children": {
                        "env_step": {
                            "total": 36438.11529223074,
                            "count": 907537,
                            "self": 35670.98671139497,
                            "children": {
                                "SubprocessEnvManager._take_step": {
                                    "total": 760.0935085224919,
                                    "count": 907537,
                                    "self": 38.75760281411931,
                                    "children": {
                                        "TorchPolicy.evaluate": {
                                            "total": 721.3359057083726,
                                            "count": 812490,
                                            "self": 135.060745801311,
                                            "children": {
                                                "TorchPolicy.sample_actions": {
                                                    "total": 586.2751599070616,
                                                    "count": 812490,
                                                    "self": 586.2751599070616
                                                }
                                            }
                                        }
                                    }
                                },